Abhinuv Nitin Pitale <abhinuvpitale@gmail.com>
Abhinuv Nitin Pitale <abhinuvpitale@users.noreply.github.com> <abhinuvpitale@gmail.com>

Adam Ortiz <adam.ortiz@utoronto.ca>

Adrien F. Vincent <vincent.adrien@gmail.com>
Adrien F. Vincent <vincent.adrien@gmail.com> <adrien.vincent@u-psud.fr>

Aleksey Bilogur <aleksey.bilogur@gmail.com>

Alexander Rudy <alex.rudy@gmail.com>

Alon Hershenhorn <hershen@gmail.com>
Alon Hershenhorn <hershen@phas.ubc.ca> <hershen@gmail.com>

Alvaro Sanchez <sanchezgnzlz.alvaro@gmail.com>

Amit Aronovitch <amit@penguin>
Amit Aronovitch <aronovitch@gmail.com> <amit@penguin>

Andreas Hilboll <andreas@hilboll.de>
Andreas Hilboll <andreas-h@users.noreply.github.com> <andreas@hilboll.de>

Andrew Dawson <ajdawson@acm.org> <dawson@atm.ox.ac.uk>

Ariel Hernán Curiale <curiale@gmail.com>

Arnaud Gardelein <agardelein@yahoo.fr>
Arnaud Gardelein <arnaud@oscopy.org> <agardelein@yahoo.fr>

Bastian Bechtold <basti@bastibe.de>
Bastian Bechtold <bastibe@users.noreply.github.com> <basti@bastibe.de>

Ben Cohen <bj.cohen19@gmail.com> <ben@cohen-family.org>

Ben Root <ben.v.root@gmail.com> Benjamin Root <ben.v.root@gmail.com>

Benedikt Daurer <benedikt.daurer@icm.uu.se>

Benjamin Congdon <bencongdon96@gmail.com>
Benjamin Congdon <bencongdon96@gmail.com> bcongdon <bcongdo2@illinois.edu>

Bradley M. Froehle <brad.froehle@gmail.com>
Bradley M. Froehle <bfroehle@math.berkeley.edu> <brad.froehle@gmail.com>

Brigitta Sipocz <bsipocz@gmail.com>
Brigitta Sipocz <b.sipocz@gmail.com> <bsipocz@gmail.com>

Bruno Zohreh <z.shams@bath.ac.uk>

Carsten Schelp <carstenschelp@mp.nl>

Casper van der Wel <caspervdw@gmail.com>

Cho Yin Yong <choyiny@users.noreply.github.com>

Chris <chrissshe@gmail.com>

Chris Holdgraf <choldgraf@gmail.com>
Chris Holdgraf <Chris Holdgraf> <choldgraf@gmail.com>
Chris Holdgraf  <Chris Holdgraf> <choldgraf@gmail.com>
Chris Holdgraf <choldgraf@berkeley.edu> <choldgraf@gmail.com>
Chris Holdgraf <choldgraf@berkeley.edu> <choldgraf@gmail.com>
Chris Holdgraf  <choldgraf@berkeley.edu> <choldgraf@gmail.com>


Christoph Gohlke <cgohlke@uci.edu>
Christoph Gohlke <cgohlke@uci.edu> C. Gohlke <cgohlke@uci.edu>
Christoph Gohlke <cgohlke@uci.edu> cgohlke <cgohlke@uci.edu>
Christoph Gohlke <cjgohlke@gmail.com> <cgohlke@uci.edu>
Christoph Gohlke  <cgohlke@uci.edu> Christoph Gohlke <cgohlke@uci.edu>
Christoph Gohlke  <cjgohlke@gmail.com> Christoph Gohlke <cgohlke@uci.edu>

Cimarron Mittelsteadt <cimarronm@gmail.com> Cimarron <cimarronm@gmail.com>

Colin <ColCarroll@users.noreply.github.com>

Colin <colindruery@live.ca>

Conner R. Phillips <conner.r.phillips@gmail.com> <conner.r.phillips.com>

Craig M <iamcraig@gmail.com>

Craig M <ibecraig@gmail.com>

Dan Hickstein <danhickstein@gmail.com>

Daniel Hyams <dhyams@gmail.com>
Daniel Hyams <dhyams@gmail.com> Daniel Hyams <dhyams@gitdev.(none)>

David Kua <david@kua.io> <david.kua@mail.utoronto.ca>

Devashish Deshpande <ashu.9412@gmail.com>

Dietmar Schwertberger <github@schwertberger.de>

Dora Fraeman Caswell <dorafraeman@gmail.com>

Emlyn Price <emlyn.je.price@gmail.com>
Emlyn Price <EJEP@users.noreply.github.com> <emlyn.je.price@gmail.com>

Eric Dill <thedizzle@gmail.com> <edill@bnl.gov>

Eric Ma <ericmajinglong@gmail.com> <ericmjl@Erics-MacBook-Pro.local>
Eric Ma <ericmajinglong@gmail.com> <ericmjl@users.noreply.github.com>

Erik Bray <erik.m.bray@gmail.com> <embray@stsci.edu>

Eugen Beck <eugen.beck@rwth-aachen.de>
Eugen Beck <me@curufinwe.org>

Eugene Yurtsev <eyurtsev@gmail.com>
Eugene Yurtsev <eyurtsev@mit.edu> <eyurtsev@gmail.com>

Fabian Kloosterman <kloosterman.nerf@gmail.com>
Fabian Kloosterman <fabian.kloosterman@nerf.be> <kloosterman.nerf@gmail.com>

Federico Ariza <ariza.federico@gmail.com>
Federico Ariza <fariza@matrox.com> <ariza.federico@gmail.com>
Federico Ariza <federico.ariza@algolux.com> <ariza.federico@gmail.com>
Federico Ariza <federico.ariza@zoom.ax.algolux.com> <ariza.federico@gmail.com>

Filipe Fernandes <ocefpaf@gmail.com>

Florian Le Bourdais <florian.s.lebourdais@gmail.com>

Francesco Montesano <franz.bergesund@gmail.com> montefra <franz.bergesund@gmail.com>

Gabriel Munteanu <gabriel.munteanu2909@yahoo.com>
Gabriel Munteanu <wyrdagarjzla@yahoo.com>

Gauravjeet <gauravjeet.kala@mail.utoronto.ca>
Gauravjeet <gauravjeet@me.com> <gauravjeet.kala@mail.utoronto.ca>

Greg Lucas <greg.lucas@lasp.colorado.edu> <greg.m.lucas@gmail.com>
Greg Lucas <greg.m.lucas@gmail.com>

Hajoon Choi <hajoon.choi@mail.utoronto.ca>

Hans Moritz Günther <moritz.guenther@gmx.de>

Harshal Prakash Patankar <pharshalp@gmail.com>
Harshal Prakash Patankar <15175620+pharshalp@users.noreply.github.com> <pharshalp@gmail.com>

Harshit Patni <patniharshit@gmail.com>

ImportanceOfBeingErnest <elch.rz@ruetz-online.de>

J. Goutin <JGoutin@users.noreply.github.com> JGoutin <ginnungagap@free.fr>

Jack Kelly <jack.kelly@imperial.ac.uk> <daniel.kelly10@imperial.ac.uk>
Jack Kelly <jack.kelly@imperial.ac.uk> <jack-list@xlk.org.uk>

Jaime Fernandez <jaime.frio@gmail.com>

Jake Vanderplas <jakevdp@gmail.com>
Jake Vanderplas <jakevdp@gmail.com> <jakevdp@yahoo.com>
Jake Vanderplas <jakevdp@gmail.com> <vanderplas@astro.washington.edu>

James A. Bednar <jbednar@continuum.io>
James A. Bednar <jbednar@users.noreply.github.com> <jbednar@continuum.io>

James R. Evans <jrevans1@earthlink.net>

Jean-Benoist Leger <jb@leger.tf>
Jean-Benoist Leger <jbleger@hds.utc.fr> <jb@leger.tf>

Jeff Lutgen <jlutgen@gmail.com> <jlutgen@users.noreply.github.com>

Jeffrey Bingham <bingjeff@gmail.com>

Jens Hedegaard Nielsen <jenshnielsen@gmail.com>
Jens Hedegaard Nielsen <j.h.nielsen@nbi.ku.dk> <jenshnielsen@gmail.com>
Jens Hedegaard Nielsen <jenshnielsen@gmail.com> <jens.nielsen@ucl.ac.uk>

Joel Frederico <458871+joelfrederico@users.noreply.github.com>

John Hunter <jdh2358@gmail.com>

Jorrit Wronski <jowr@mek.dtu.dk>


Joseph Albert <jxa357@psu.edu>
Joseph Albert <4261275+jcalbert@users.noreply.github.com> <jxa357@psu.edu>

Joseph Fox-Rabinovitz <jfoxrabinovitz@gmail.com>
Joseph Fox-Rabinovitz <jfoxrabinovitz@gmail.com> Joseph Fox-Rabinovitz <joseph.r.fox-rabinovitz@nasa.gov>
Joseph Fox-Rabinovitz <jfoxrabinovitz@gmail.com> Mad Physicist <madphysicist@users.noreply.github.com>
Joseph Fox-Rabinovitz <madphysicist@users.noreply.github.com> <jfoxrabinovitz@gmail.com>

Jouni K. Seppänen <jks@iki.fi>

Julian Mehne <github@nmehne.de>
Julian Mehne <julian.mehne@posteo.de> <github@nmehne.de>

Julien Lhermitte <jrmlhermitte@gmail.com>
Julien Lhermitte <lhermitte@bnl.gov> <jrmlhermitte@gmail.com>
Julien Lhermitte <ordirules@gmail.com> <jrmlhermitte@gmail.com>

Julien Schueller <julien.schueller@gmail.com>
Julien Schueller <julien.schueller@gmail.com> <schueller@bx-l64.phimeca.lan>
Julien Schueller <julien.schueller@gmail.com> <schueller@porsche-l64.phimeca.lan>
Julien Schueller <schueller@phimeca.com> <julien.schueller@gmail.com>

Kevin Davies <kdavies4@gmail.com> <daviesk24@yahoo.com>

Klara Gerlei <klarizsofi@gmail.com>
Klara Gerlei <klarizsofi@gmail.com> klaragerlei <s1466507@sms.ed.ac.uk>

Kristen M. Thyng <kthyng@gmail.com>

Kyle Sunden <sunden@wisc.edu>
Kyle Sunden <git@ksunden.space> <sunden@wisc.edu>

Leeonadoh <leo.sunpeng.li@gmail.com>

Lennart Fricke <lennart@die-frickes.eu> <lennart.fricke@kabelmail.de>

Leon Yin <hello.leonyin@gmail.com>

Levi Kilcher <levi.kilcher@gmail.com>
Levi Kilcher <Levi.Kilcher@nrel.gov> <levi.kilcher@gmail.com>
Levi Kilcher <levi.kilcher@nrel.gov> <levi.kilcher@gmail.com>
Levi Kilcher <levi.kilcher@nrel.gov> <levi.kilcher@gmail.com>

Lion Krischer <lion.krischer@gmail.com> <krischer@geophysik.uni-muenchen.de>

Magnus Nord <magnus.nord@ntnu.no>
Magnus Nord <Magnus.Nord@glasgow.ac.uk> <magnus.nord@ntnu.no>

Manan Kevadiya <kevadiyamanan@gmail.com>
Manan Kevadiya <kevadiyamanan@gmail.com> <43081866+manan2501@users.noreply.github.com>

Manuel Nuno Melo <manuel.nuno.melo@gmail.com>

Marco Gorelli <m.e.gorelli@gmail.com>
Marco Gorelli <m.e.gorelli@gmail.com> <33491632+MarcoGorelli@users.noreply.github.com>

Marek Rudnicki <marekrud@gmail.com>

Martin Fitzpatrick <martin.fitzpatrick@gmail.com> <mfitzp@abl.es>

Matt Newville <newville@cars.uchicago.edu>

Matt Terry <matt.terry@gmail.com>
Matt Terry <terry10@llnl.gov> <matt.terry@gmail.com>

Matthew Emmett <memmett@gmail.com>
Matthew Emmett <memmett@gmail.com> <memmett@unc.edu>

Matthias Bussonnier <bussonniermatthias@gmail.com>
Matthias Bussonnier <bussonniermatthias@gmail.com> <mbussonnier@ucmerced.edu>

Matthias Lüthi <maluethi@protonmail.ch>
Matthias Lüthi <maluethi@protonmail.ch> <matthias.luethi@lhep.unibe.ch>

Matti Picus <matti.picus@gmail.com>

Michael Droettboom <mdboom@gmail.com> <mdroe@stsci.edu>
Michael Droettboom <mdboom@gmail.com> Michael Droettboom <mdboom@debian-vm>

Michiel de Hoon <mjldehoon@yahoo.com>
Michiel de Hoon <mjldehoon@yahoo.com> Michiel de Hoon <mdehoon@Michiels-MacBook-Pro.local>
Michiel de Hoon <mjldehoon@yahoo.com> Michiel de Hoon <mdehoon@mad002s-MacBook-Air.local>
Michiel de Hoon <mjldehoon@yahoo.com> Michiel de Hoon <mdehoon@michiel-de-hoons-computer.local>
Michiel de Hoon <mjldehoon@yahoo.com> Michiel de Hoon <mdehoon@tkx294.genome.gsc.riken.jp>

MinRK <benjaminrk@gmail.com>
MinRK <benjaminrk@gmail.com> Min RK <minrk@kerbin.local>

Molly Rossow <molly@mollyrossow.com>
Molly Rossow <mrossow@chapinhall.org>

Nathan Goldbaum <nathan12343@gmail.com>
Nathan Goldbaum <ngoldbau@illinois.edu> <nathan12343@gmail.com>

Nelle Varoquaux <nelle.varoquaux@gmail.com>

Nic Eggert <nic.eggert@gmail.com> Nic Eggert <nic@eggert.pw>
Nic Eggert <nic.eggert@gmail.com> Nic Eggert <nse23@cornell.edu>

Nicolas Courtemanche <nicolas9440@hotmail.com>
Nicolas Courtemanche <41067345+NicolasCourtemancheAtMcGill@users.noreply.github.com> <nicolas9440@hotmail.com>

Nicolas P. Rougier <Nicolas.Rougier@inria.fr>

Nils Werner <nils.werner@gmail.com>
Nils Werner <nils.werner@audiolabs-erlangen.de> <nils.werner@gmail.com>

OceanWolf <juichenieder-tigger@yahoo.co.uk>

Olivier Castany <1868182+ocastany@users.noreply.github.com>
Olivier Castany <1868182+ocastany@users.noreply.github.com> <Olivier@home>
Olivier Castany <1868182+ocastany@users.noreply.github.com> <castany@clevo>

Om Sitapara <omsitapara23@gmail.com>

Pamela Wu <pam.wu@enigma.com>
Pamela Wu <pambot@users.noreply.github.com> <pam.wu@enigma.com>

Patrick Chen <pat.chen@mail.utoronto.ca>

Paul <paalge@gmail.com>
Paul <paul.kinguk@gmail.com>

Paul Ganssle <p.ganssle@gmail.com>
Paul Ganssle <paul@ganssle.io> <p.ganssle@gmail.com>
Paul Ganssle <pg@example.com> <p.ganssle@gmail.com>
Paul Ganssle <pg@example.com> <p.ganssle@gmail.com>
Paul Ganssle <pganssle@bloomberg.net> <p.ganssle@gmail.com>
Paul Ganssle <pganssle@users.noreply.github.com> <p.ganssle@gmail.com>

Paul Hobson <pmhobson@gmail.com>
Paul Hobson <pmhobson@gmail.com> vagrant <vagrant@precise32.(none)>

Paul Ivanov <pivanov314@gmail.com>
Paul Ivanov <pivanov314@gmail.com> <pi@berkeley.edu>
Paul Ivanov <pivanov314@gmail.com> <pivanov5@bloomberg.net>

Per Parker <wisalam@live.com>

Peter Würtz <pwuertz@gmail.com>
Peter Würtz <pwuertz@gmail.com> <pwuertz@googlemail.com>

Phil Elson <pelson.pub@gmail.com>
Phil Elson <pelson.pub@gmail.com> <philipelson@gmail.com>
Phil Elson <pelson.pub@gmail.com> <philipelson@hotmail.com>

Po <edgaralan@163.com>
Po <22870592+cover-me@users.noreply.github.com> <edgaralan@163.com>

Rishikesh <rishikksh20@gmail.com>

Rob Harrigan <rob.harrigan89@gmail.com>
Rob Harrigan <rob.harrigan@cbsinteractive.com> <rob.harrigan89@gmail.com>

Roman Yurchak <rth.yurchak@gmail.com>
Roman Yurchak <roman.yurchak@symerio.com> <rth.yurchak@gmail.com>
Roman Yurchak <rth.yurchak@pm.me> <rth.yurchak@gmail.com>

Ryan May <rmay31@gmail.com>
Ryan May <rmay@ucar.edu> <rmay31@gmail.com>

RyanPan <ryanbelt1993129@Hotmail.com>
RyanPan <ryanbelt1993129@hotmail.com>
RyanPan <ryanbelt1993129@hotmail.com>

Samesh Lakhotia <samesh.lakhotia@gmail.com>
Samesh Lakhotia <43701530+sameshl@users.noreply.github.com> <samesh.lakhotia@gmail.com>'

Scott Lasley <selasley@me.com>
Scott Lasley <slasley@space.umd.edu> <selasley@me.com>

Sebastian Raschka <mail@sebastianraschka.com>
Sebastian Raschka <mail@sebastianraschka.com> <se.raschka@me.com>

Sidharth Bansal <20972099+SidharthBansal@users.noreply.github.com> <bansal.sidharth2996@gmail.com>
Sidharth Bansal <bansal.sidharth2996@gmail.com>

Simon Cross <hodgestar+github@gmail.com> <hodgestar@gmail.com>

Slav Basharov <slavbacharov@gmail.com>

Stefan van der Walt <stefanv@berkeley.edu> <stefan@sun.ac.za>

Stephane Raynaud <stephane.raynaud@gmail.com>
Stephane Raynaud <stephane.raynaud@shom.fr> <stephane.raynaud@gmail.com>

Taehoon Lee <taehoonlee@snu.ac.kr>
Taehoon Lee <me@taehoonlee.com> <taehoonlee@snu.ac.kr>

Taras Kuzyo <kuzyo.taras@gmail.com>

Ted Drain <ted.drain@gmail.com>

Terence Honles <terence@honles.com>

Thomas A Caswell <tcaswell@gmail.com> Thomas A Caswell <tcaswell@bnl.gov>
Thomas A Caswell <tcaswell@gmail.com> Thomas A Caswell <tcaswell@localhost.localdomain>
Thomas A Caswell <tcaswell@gmail.com> Thomas A Caswell <tcaswell@uchicago.edu>
Thomas A Caswell <tcaswell@gmail.com> Thomas A Caswell <“tcaswell@gmail.com”>

Thomas Hisch <t.hisch@gmail.com>
Thomas Hisch <thomas.hisch@tuwien.ac.at> <t.hisch@gmail.com>

Till Stensitzki <mail.till@gmx.de>
Till Stensitzki <tillsten@zedat.fu-berlin.de> <mail.till@gmx.de>

Trish Gillett-Kawamoto <trish.gillett@shopify.com> <discardthree@gmail.com>

Tuan Dung Tran <tuan.d.tran@hotmail.com>

Vidur Satija <vidursatija@gmail.com>

Víctor Zabalza <vzabalza@gmail.com>

WANG Aiyong <gepcelway@gmail.com>

Werner F Bruhin <wernerfbd@gmx.ch>

Yunfei Yang <yangyunf@iits-b473-20053.(none)> Yunfei Yang <yangyunf@iits-b473-20057.(none)>
Yunfei Yang <yangyunf@iits-b473-20053.(none)> Yunfei Yang <yangyunf@iits-b473-20061.(none)>

Zac Hatfield-Dodds <zac.hatfield.dodds@gmail.com>
Zac Hatfield-Dodds <Zac-HD@users.noreply.github.com> <zac.hatfield.dodds@gmail.com>

Zhili (Jerry) Pan <sasori.pan.jerry@gmail.com>

anykraus <kraus@mpip-mainz.mpg.de> <anykraus@users.noreply.github.com>

cldssty <huey910@gmail.com>

endolith <endolith@gmail.com>

esvhd <weiliang.zhang@gmail.com>
esvhd <7330385+esvhd@users.noreply.github.com> <weiliang.zhang@gmail.com>

hannah <story645@gmail.com>

kikocorreoso <kikocorreoso@gmail.com> <kikocorreoso@users.noreply.github.com>

kshramt <kshramt@users.noreply.github.com>
kshramt <thisisdummy@example.com> <kshramt@users.noreply.github.com>

productivememberofsociety666 <productivememberofsociety666@sol.fr.am> none <none@example.net>

s0vereign <Maximilian.Boehme@mailbox.tu-dresden.de> <maximilian.boehme@mailbox.tu-dresden.de>

sohero <herosgq@gmail.com> sohero <ivip@tom.com>

switham <github@mac-guyver.com> switham <switham_github@mac-guyver.com>
